date,host,opening,opening_short,opponent_accuracy_opening_inaccuracy,opponent_accuracy_opening_mistake,opponent_accuracy_opening_blunder,opponent_accuracy_middle_game_inaccuracy,opponent_accuracy_middle_game_mistake,opponent_accuracy_middle_game_blunder,opponent_accuracy_end_game_inaccuracy,opponent_accuracy_end_game_mistake,opponent_accuracy_end_game_blunder,opponent_avg_move_time_opening,opponent_avg_move_time_middle_game,opponent_avg_move_time_end_game,opponent_elo,phases_opening,phases_middle_game,phases_end_game,player_accuracy_opening_inaccuracy,player_accuracy_opening_mistake,player_accuracy_opening_blunder,player_accuracy_middle_game_inaccuracy,player_accuracy_middle_game_mistake,player_accuracy_middle_game_blunder,player_accuracy_end_game_inaccuracy,player_accuracy_end_game_mistake,player_accuracy_end_game_blunder,player_avg_move_time_opening,player_avg_move_time_middle_game,player_avg_move_time_end_game,player_elo,player_color,result,time_class,time_control,url,username
2022-05-26 16:51:04,lichess.org,Pirc Defense: Classical Variation,Pirc Defense,2,2,2,10,11,11,0,0,0,0.25,2.88,2.88,1737,8,51,51,1,0,0,2,1,1,0,0,0,1.0,2.2308,2.2308,1779,white,"['white', 'timeout']",blitz,180+0,https://lichess.org/vf8yqCKh,pro100wdupe
2022-05-11 20:26:37,lichess.org,Vienna Game,Vienna Game,1,1,1,8,9,9,14,14,14,0.0,2.875,2.2692,1792,3,48,104,0,0,0,3,2,2,0,0,0,1.5,5.9167,3.3462,1790,white,"['black', 'timeout']",blitz,180+0,https://lichess.org/PjE2bZ8r,pro100wdupe
2022-05-11 20:22:35,lichess.org,Sicilian Defense: Chekhover Variation,Sicilian Defense,0,0,0,1,1,1,0,0,0,1.0,6.2,6.2,1772,7,30,30,2,2,2,5,5,5,0,0,0,0.3333,5.9333,5.9333,1778,black,"['black', 'timeout']",blitz,180+0,https://lichess.org/y1OSLD9A,pro100wdupe
2022-05-05 07:52:37,lichess.org,Indian Defense: Knights Variation,Indian Defense,0,0,0,1,1,1,4,1,1,0.0,1.7917,2.5211,1789,3,48,142,1,1,1,11,11,11,18,22,22,0.0,2.3333,2.2676,1778,black,"['draw', 'timeout']",blitz,180+0,https://lichess.org/Yn1BxD8r,pro100wdupe
2022-05-03 10:04:19,lichess.org,Indian Defense: Normal Variation,Indian Defense,1,0,0,6,4,4,0,0,0,0.5,3.3529,3.2778,1782,3,67,72,1,1,1,11,12,12,1,1,1,0.0,3.9697,3.8889,1767,black,"['black', 'timeout']",blitz,180+0,https://lichess.org/zPpnBM30,pro100wdupe
2022-04-30 19:18:02,lichess.org,Torre Attack,Torre Attack,0,0,0,2,1,1,1,1,1,0.6667,2.4828,2.5938,1770,5,58,63,1,1,1,12,13,13,0,0,0,0.5,3.8966,3.8065,1778,black,"['white', 'timeout']",blitz,180+0,https://lichess.org/XbEAcWRi,pro100wdupe
2022-04-25 12:29:50,lichess.org,Sicilian Defense: Closed,Sicilian Defense,1,0,0,2,1,1,1,1,1,0.5,3.6452,3.1522,1832,3,61,92,1,1,1,13,14,14,7,7,7,0.0,3.5,3.2826,1787,black,"['white', 'timeout']",blitz,180+0,https://lichess.org/QFJyK06t,pro100wdupe
2022-04-25 07:13:29,lichess.org,Sicilian Defense: Alapin Variation,Sicilian Defense,1,1,1,13,14,15,2,9,9,0.0,3.5833,3.0517,1785,3,73,117,0,0,0,5,3,2,9,5,3,0.5,3.5676,2.9153,1776,white,"['white', 'timeout']",blitz,180+0,https://lichess.org/Cj4HiNsr,pro100wdupe
2022-04-25 07:09:39,lichess.org,"Sicilian Defense: Alapin Variation, Barmen Defense, Central Exchange",Sicilian Defense,3,3,3,7,7,7,0,0,0,1.3333,5.0,5.0,1776,12,39,39,0,0,0,1,1,1,0,0,0,0.5,4.75,4.75,1764,white,"['white', 'timeout']",blitz,180+0,https://lichess.org/PokVpAGk,pro100wdupe
2022-04-24 15:57:18,lichess.org,Sicilian Defense: Smith-Morra Gambit,Sicilian Defense,0,0,0,4,2,2,1,1,0,3.5,3.5,2.8475,1752,3,80,117,1,1,1,13,15,16,8,8,9,0.0,4.225,3.0862,1777,black,"['white', 'timeout']",blitz,180+0,https://lichess.org/UFhsmiMh,pro100wdupe
2022-04-24 15:51:44,lichess.org,Scandinavian Defense: Modern Variation,Scandinavian Defense,1,1,1,8,10,10,12,13,13,0.0,4.4783,3.46,1747,4,46,100,1,0,0,0,0,0,1,1,1,0.0,2.6957,2.08,1765,white,"['white', 'timeout']",blitz,180+0,https://lichess.org/3WnGpDGR,pro100wdupe
2022-04-23 19:05:01,lichess.org,Sicilian Defense: McDonnell Attack,Sicilian Defense,0,0,0,0,0,0,0,0,0,1.5,4.2667,4.2667,1784,3,30,30,1,1,1,7,7,7,0,0,0,0.0,1.4,1.4,1752,black,"['black', 'timeout']",blitz,180+0,https://lichess.org/WIBciMtL,pro100wdupe
2022-04-21 15:54:07,lichess.org,French Defense: Queen's Knight,French Defense,1,1,1,9,10,12,12,17,19,0.0,3.72,2.5692,1728,3,50,131,0,0,0,2,1,1,4,1,0,0.5,3.24,2.2727,1740,white,"['white', 'timeout']",blitz,180+0,https://lichess.org/bHlOUENY,pro100wdupe
2022-04-21 15:47:44,lichess.org,Indian Defense,Indian Defense,0,0,0,0,0,0,3,2,1,0.0,3.2188,3.1091,1757,2,63,110,0,0,0,14,15,15,8,9,11,0.0,3.4194,2.5091,1726,black,"['black', 'timeout']",blitz,180+0,https://lichess.org/lQrTnmpr,pro100wdupe
2022-04-21 15:44:49,lichess.org,Caro-Kann Defense,Caro-Kann Defense,0,0,0,11,11,11,0,0,0,0.0,3.3478,3.3478,1761,2,47,47,0,0,0,0,0,0,0,0,0,0.0,2.6667,2.6667,1711,white,"['white', 'timeout']",blitz,180+0,https://lichess.org/x8g3Yv6L,pro100wdupe
2022-04-21 13:45:30,lichess.org,Zukertort Opening,Zukertort Opening,0,0,0,1,1,1,0,0,0,0.0,2.2778,2.2778,1663,2,35,35,0,0,0,8,8,8,0,0,0,0.0,2.7647,2.7647,1727,black,"['white', 'timeout']",blitz,180+0,https://lichess.org/07lINCWb,pro100wdupe
2022-04-21 13:37:47,lichess.org,Polish Opening: Schiffler-Sokolsky Variation,Polish Opening,0,0,0,0,0,0,0,0,0,1.75,4.7273,5.6216,1715,7,44,74,2,2,2,9,9,9,7,7,7,1.3333,4.3182,3.6757,1712,black,"['black', 'timeout']",blitz,180+2,https://lichess.org/zJaWl6RN,pro100wdupe
2022-04-13 16:27:11,lichess.org,Hungarian Opening: Sicilian Invitation,Hungarian Opening,0,0,0,0,0,0,2,2,2,0.0,3.8485,3.0508,1670,2,66,118,0,0,0,15,16,16,13,13,13,0.0,2.303,1.9831,1700,black,"['black', 'timeout']",blitz,180+0,https://lichess.org/diQCOGWR,pro100wdupe
2022-04-11 22:11:16,lichess.org,French Defense: Queen's Knight,French Defense,1,1,1,13,13,13,10,12,14,0.0,3.6207,2.5593,1711,3,59,119,0,0,0,3,3,2,5,2,1,1.0,4.1,2.5667,1699,white,"['white', 'timeout']",blitz,180+0,https://lichess.org/hbT43STd,pro100wdupe
2022-04-11 22:06:37,lichess.org,Sicilian Defense: Old Sicilian,Sicilian Defense,0,0,0,5,1,1,0,0,0,1.5,5.6552,5.6552,1691,4,57,57,1,1,1,11,13,13,0,0,0,1.5,3.7857,3.7857,1699,black,"['white', 'timeout']",blitz,180+2,https://lichess.org/0XdudSbV,pro100wdupe
2022-04-06 11:05:23,lichess.org,French Defense: Queen's Knight,French Defense,1,1,1,7,13,14,17,19,19,2.0,2.9333,2.8,1726,3,60,140,0,0,0,8,2,1,2,0,0,1.5,4.6333,3.5857,1713,white,"['black', 'timeout']",blitz,180+2,https://lichess.org/HP8bNrFZ,pro100wdupe
2022-04-06 11:03:19,lichess.org,Sicilian Defense: Nyezhmetdinov-Rossolimo Attack,Sicilian Defense,0,0,0,1,1,1,0,0,0,0.3333,0.4286,0.4286,1703,5,14,14,1,1,1,2,2,2,0,0,0,0.5,0.7143,0.7143,1698,black,"['black', 'timeout']",blitz,180+0,https://lichess.org/vZagy9mk,pro100wdupe
2022-03-24 18:16:05,lichess.org,"Modern Defense: Two Knights Variation, Suttles Variation",Modern Defense,2,2,2,14,15,15,0,0,0,0.0,3.8286,3.8286,1713,8,70,70,0,0,0,1,0,0,0,0,0,1.75,4.8286,4.8286,1712,white,"['black', 'timeout']",blitz,180+0,https://lichess.org/bQwE1498,pro100wdupe
2022-03-23 17:38:55,lichess.org,Sicilian Defense: Alapin Variation,Sicilian Defense,1,1,1,9,11,12,7,8,8,0.0,3.75,3.0204,1670,3,64,99,0,0,0,5,3,3,2,0,0,0.5,3.375,2.94,1699,white,"['white', 'timeout']",blitz,180+0,https://lichess.org/HM2ZrtLe,pro100wdupe
2022-03-23 17:32:22,lichess.org,Sicilian Defense: Smith-Morra Gambit,Sicilian Defense,0,0,0,0,0,0,4,2,0,0.5,1.5357,2.375,1726,3,55,111,1,1,1,13,13,13,9,11,14,0.0,1.8889,2.4909,1713,black,"['white', 'timeout']",blitz,180+0,https://lichess.org/OIhBdREj,pro100wdupe
2022-02-28 19:53:26,lichess.org,Queen's Gambit Declined: Exchange Variation,Queen's Gambit Declined,0,0,0,2,2,2,0,0,0,1.75,5.6667,5.6667,1711,7,35,35,1,2,2,6,6,6,0,0,0,1.0,7.3529,7.3529,1726,black,"['white', 'timeout']",blitz,180+2,https://lichess.org/SjPoj7Az,pro100wdupe
2022-02-04 16:45:53,lichess.org,Sicilian Defense: Alapin Variation,Sicilian Defense,1,1,1,11,12,12,8,8,9,0.0,3.0833,2.5714,1677,3,72,113,0,0,0,6,6,6,2,1,1,0.5,4.1389,2.8772,1718,white,"['white', 'timeout']",blitz,180+0,https://lichess.org/aGAlRjrp,pro100wdupe
2022-02-04 16:32:21,lichess.org,Queen's Gambit Declined: Normal Defense,Queen's Gambit Declined,1,1,1,0,0,0,0,0,0,0.0,1.8438,1.8438,1812,6,63,63,1,1,1,13,14,14,0,0,0,0.3333,4.0968,4.0968,1725,black,"['white', 'timeout']",blitz,180+0,https://lichess.org/FozjyO01,pro100wdupe
2022-01-29 18:45:41,lichess.org,"Sicilian Defense: Dragon Variation, Yugoslav Attack, Belezky Line",Sicilian Defense,1,0,0,2,0,0,0,0,0,1.5714,6.1111,4.7368,1745,14,54,76,3,3,3,6,10,10,4,5,5,1.1429,5.5185,4.2632,1715,black,"['black', 'timeout']",blitz,180+0,https://lichess.org/yNelbklH,pro100wdupe
2022-01-29 12:07:02,lichess.org,Sicilian Defense: Alapin Variation,Sicilian Defense,1,1,1,10,11,11,0,0,0,0.0,5.6552,5.6552,1766,3,59,59,0,0,0,7,5,4,0,0,0,0.5,4.9667,4.9667,1705,white,"['white', 'timeout']",blitz,180+0,https://lichess.org/byeC6i9D,pro100wdupe
2022-01-12 13:21:02,lichess.org,Scandinavian Defense: Mieses-Kotroc Variation,Scandinavian Defense,1,1,1,12,12,12,0,0,0,0.5,3.0,3.0,1700,4,51,51,0,0,0,1,1,1,0,0,0,0.5,4.0769,4.0769,1698,white,"['white', 'timeout']",blitz,180+0,https://lichess.org/USm4JKn7,pro100wdupe
2022-01-11 19:59:10,lichess.org,Indian Defense,Indian Defense,0,0,0,0,0,0,0,0,0,2.0,7.625,7.625,1690,2,47,47,0,0,0,10,11,11,0,0,0,2.0,8.7391,8.7391,1705,black,"['white', 'timeout']",blitz,180+2,https://lichess.org/GIZcymgn,pro100wdupe
2022-01-10 19:31:05,lichess.org,Pirc Defense: Classical Variation,Pirc Defense,2,2,2,5,6,6,0,0,0,0.25,2.3529,2.3529,1761,8,34,34,1,0,0,1,0,0,0,0,0,0.75,4.7059,4.7059,1711,white,"['black', 'timeout']",blitz,180+0,https://lichess.org/0USKYWq7,pro100wdupe
2022-01-10 09:21:20,lichess.org,"Vienna Game: Stanley Variation, Meitner-Mieses Gambit",Vienna Game,2,2,2,2,2,3,0,0,0,1.25,6.9167,6.9167,1717,9,24,24,1,0,0,2,2,1,0,0,0,1.8,7.5,7.5,1718,white,"['black', 'timeout']",blitz,180+0,https://lichess.org/wtIwNIeQ,pro100wdupe
2022-01-08 18:17:50,lichess.org,Sicilian Defense: Accelerated Dragon,Sicilian Defense,1,0,0,0,0,0,0,0,0,0.5,6.7742,6.2432,1681,8,62,74,2,2,2,13,13,13,3,3,3,1.25,4.871,5.0811,1712,black,"['black', 'timeout']",blitz,180+2,https://lichess.org/n87vdkc9,pro100wdupe
2022-01-02 16:45:32,lichess.org,Sicilian Defense: McDonnell Attack,Sicilian Defense,0,0,0,4,3,3,0,0,0,2.0,5.2692,5.2692,1714,3,52,52,1,1,1,9,9,9,0,0,0,2.0,4.6538,4.6538,1706,black,"['black', 'timeout']",blitz,180+2,https://lichess.org/x4ut4SWU,pro100wdupe
2022-01-01 21:23:09,lichess.org,Vienna Game,Vienna Game,1,1,1,7,8,8,0,0,0,2.0,3.5,3.5,1671,3,52,52,0,0,0,6,5,4,0,0,0,2.5,3.6923,3.6923,1712,white,"['black', 'timeout']",blitz,180+2,https://lichess.org/VknBNYoc,pro100wdupe
2022-01-01 14:59:10,lichess.org,Vienna Game: Vienna Gambit,Vienna Game,1,1,1,7,9,12,0,0,0,2.0,4.2308,4.2308,1699,5,53,53,0,0,0,2,1,0,0,0,0,1.3333,3.6667,3.6667,1706,white,"['white', 'timeout']",blitz,180+2,https://lichess.org/GLA7VkmI,pro100wdupe
2022-01-01 13:52:27,lichess.org,Sicilian Defense: Old Sicilian,Sicilian Defense,0,0,0,2,1,0,5,1,1,1.5,3.4286,2.8837,1678,4,42,85,1,1,1,9,9,9,6,10,10,1.5,2.3333,2.5714,1713,black,"['white', 'timeout']",blitz,180+2,https://lichess.org/SXpIvVny,pro100wdupe
2021-12-30 19:51:01,lichess.org,Vienna Game: Max Lange Defense,Vienna Game,1,1,1,18,18,18,0,0,0,0.0,2.1892,2.1892,1685,4,75,75,0,0,0,0,0,0,0,0,0,0.5,2.8421,2.8421,1707,white,"['white', 'timeout']",blitz,180+0,https://lichess.org/PpgbSFrJ,pro100wdupe
2021-12-30 19:45:13,lichess.org,Sicilian Defense,Sicilian Defense,0,0,0,0,0,0,0,0,0,1.0,2.8333,1.9639,1685,5,48,166,1,1,1,9,10,11,29,29,29,0.5,2.5417,1.9157,1708,black,"['draw', 'timeout']",blitz,180+0,https://lichess.org/vmXBsmgp,pro100wdupe
2021-12-30 19:42:05,lichess.org,Modern Defense,Modern Defense,0,0,0,8,9,9,0,0,0,0.0,3.2222,3.2222,1703,2,37,37,0,0,0,0,0,0,0,0,0,0.0,2.2632,2.2632,1702,white,"['white', 'timeout']",blitz,180+0,https://lichess.org/t1xK6QZ7,pro100wdupe
2021-12-30 19:36:52,lichess.org,French Defense: Queen's Knight,French Defense,1,1,1,9,9,9,10,14,17,0.0,4.7273,2.5932,1749,3,45,118,0,0,0,1,1,1,8,3,3,0.0,3.2174,2.2373,1701,white,"['draw', 'timeout']",blitz,180+0,https://lichess.org/7Y4n614z,pro100wdupe
2021-12-30 19:34:22,lichess.org,Sicilian Defense: Delayed Alapin,Sicilian Defense,0,0,0,6,6,4,0,0,0,0.6667,2.1786,2.1724,1641,5,56,58,1,1,1,9,9,10,0,0,0,0.0,2.25,2.1724,1696,black,"['black', 'timeout']",blitz,180+0,https://lichess.org/l1LSXBYA,pro100wdupe
2021-12-30 19:19:50,lichess.org,Caro-Kann Defense,Caro-Kann Defense,1,1,1,13,14,16,0,0,0,0.0,3.0294,3.0294,1733,3,68,68,0,0,0,5,1,1,0,0,0,0.5,4.5,4.5,1702,white,"['black', 'timeout']",blitz,180+0,https://lichess.org/WoHUJjSP,pro100wdupe
2021-12-30 19:02:07,lichess.org,Indian Defense: Anti-Nimzo-Indian,Indian Defense,0,0,0,3,2,2,0,0,0,1.0,3.6207,3.6207,1703,5,57,58,1,1,1,10,11,11,0,0,0,0.0,3.25,3.1379,1696,black,"['black', 'timeout']",blitz,180+0,https://lichess.org/houeOAN0,pro100wdupe
2021-12-30 16:27:14,lichess.org,Indian Defense: London System,Indian Defense,0,0,0,2,2,1,2,0,0,1.3333,6.697,4.1831,1767,5,66,142,1,1,1,13,13,14,17,19,19,1.0,5.5758,3.6479,1688,black,"['black', 'timeout']",blitz,180+2,https://lichess.org/Sfklowqz,pro100wdupe
2021-12-29 12:21:01,lichess.org,Vienna Game,Vienna Game,1,1,1,10,14,14,0,0,0,0.0,2.9394,2.9118,1666,3,67,69,0,0,0,4,2,2,0,0,0,1.0,2.9706,2.9143,1695,white,"['black', 'timeout']",blitz,180+0,https://lichess.org/4c0rvRxv,pro100wdupe
2021-12-27 16:20:03,lichess.org,Sicilian Defense: Bowdler Attack,Sicilian Defense,0,0,0,0,0,0,0,0,0,2.0,5.2632,5.2632,1695,3,38,38,1,1,1,9,9,9,0,0,0,2.0,2.6316,2.6316,1689,black,"['black', 'timeout']",blitz,180+2,https://lichess.org/h74FtjAl,pro100wdupe
2021-12-26 19:29:39,lichess.org,Alekhine Defense,Alekhine Defense,0,0,0,16,19,20,7,7,9,0.0,4.1,3.0508,1655,2,81,119,0,0,0,2,1,0,3,1,1,0.0,4.0244,2.95,1683,white,"['white', 'timeout']",blitz,180+0,https://lichess.org/SheaJWm7,pro100wdupe
2021-12-26 17:24:32,lichess.org,Modern Defense,Modern Defense,0,0,0,12,14,14,4,6,6,0.0,3.2414,2.878,1748,2,59,82,0,0,0,2,0,0,2,0,0,0.0,4.1667,3.6341,1688,white,"['black', 'timeout']",blitz,180+0,https://lichess.org/helQKksc,pro100wdupe
2021-12-26 17:10:10,lichess.org,Sicilian Defense: McDonnell Attack,Sicilian Defense,0,0,0,5,4,3,0,0,0,0.0,1.8077,1.8077,1719,3,51,51,1,1,1,8,8,8,0,0,0,0.0,2.68,2.68,1693,black,"['white', 'timeout']",blitz,180+0,https://lichess.org/IWLN119v,pro100wdupe
2021-12-26 17:03:28,lichess.org,Four Knights Game: Italian Variation,Four Knights Game,2,2,2,11,14,14,0,0,0,0.25,2.9062,2.9062,1713,8,65,65,0,0,0,0,0,0,0,0,0,1.25,4.0606,4.0606,1687,white,"['white', 'timeout']",blitz,180+0,https://lichess.org/M5yRujlj,pro100wdupe
2021-12-26 14:43:58,lichess.org,Scandinavian Defense: Mieses-Kotroc Variation,Scandinavian Defense,1,1,1,16,16,16,1,1,1,0.0,3.0294,2.8889,1693,4,69,73,0,0,0,1,1,0,0,0,0,0.5,4.7714,4.5946,1693,white,"['black', 'timeout']",blitz,180+0,https://lichess.org/eeWeNc9r,pro100wdupe
2021-12-26 13:41:48,lichess.org,"Sicilian Defense: Accelerated Dragon, Modern Variation",Sicilian Defense,2,0,0,5,1,1,1,1,1,1.0,3.375,3.5135,1755,9,64,73,2,2,2,12,13,14,1,1,1,1.25,3.875,3.8056,1698,black,"['white', 'timeout']",blitz,180+0,https://lichess.org/HiKoJWOI,pro100wdupe
2021-12-26 13:26:02,lichess.org,Sicilian Defense: Modern Variations,Sicilian Defense,0,0,0,1,0,0,0,0,0,0.0,3.6364,3.6364,1708,4,87,87,1,1,1,20,21,21,0,0,0,0.0,4.093,4.093,1704,black,"['white', 'timeout']",blitz,180+0,https://lichess.org/BuD45Kiq,pro100wdupe
2021-12-25 17:40:41,lichess.org,Owen Defense,Owen Defense,0,0,0,12,14,14,3,4,4,0.0,5.4643,4.4737,1673,2,57,76,0,0,0,0,0,0,0,0,0,0.0,5.7586,4.7368,1710,white,"['black', 'timeout']",blitz,180+0,https://lichess.org/6OxZVzm7,pro100wdupe
2021-12-25 17:36:17,lichess.org,Sicilian Defense: Alapin Variation,Sicilian Defense,1,1,1,9,10,10,0,0,0,0.0,3.2083,3.2083,1655,3,48,48,0,0,0,3,2,2,0,0,0,0.5,2.4583,2.4583,1705,white,"['white', 'timeout']",blitz,180+0,https://lichess.org/0NDl4kQJ,pro100wdupe
2021-12-25 12:09:43,lichess.org,Sicilian Defense: Smith-Morra Gambit,Sicilian Defense,0,0,0,6,4,2,2,1,1,1.0,5.1935,4.0455,1753,5,61,87,1,1,1,9,10,11,3,4,4,0.5,5.6333,4.186,1710,black,"['white', 'timeout']",blitz,180+0,https://lichess.org/34Pg61AI,pro100wdupe
2021-12-22 15:39:47,lichess.org,Sicilian Defense: Modern Variations,Sicilian Defense,0,0,0,1,1,1,2,0,0,0.0,2.7241,2.4355,1648,4,58,124,1,1,1,13,13,13,15,15,15,0.5,3.6897,2.5,1711,black,"['draw', 'timeout']",blitz,180+0,https://lichess.org/6GadsLCX,pro100wdupe
2021-12-22 14:58:43,lichess.org,Owen Defense,Owen Defense,0,0,0,13,14,14,19,21,21,0.0,1.7241,1.7671,1683,2,58,146,0,0,0,3,3,1,1,1,1,0.0,4.4483,2.4658,1712,white,"['draw', 'timeout']",blitz,180+0,https://lichess.org/oBfvVhTZ,pro100wdupe
2021-12-22 14:23:12,lichess.org,Nimzo-Larsen Attack: English Variation,Nimzo-Larsen Attack,0,0,0,3,0,0,0,0,0,0.0,4.1786,4.1786,1722,2,55,55,0,0,0,11,12,13,0,0,0,0.0,3.4444,3.4444,1717,black,"['white', 'timeout']",blitz,180+0,https://lichess.org/m75Nmtvl,pro100wdupe
2021-12-22 14:21:43,lichess.org,"French Defense: Classical Variation, Steinitz Variation",French Defense,1,0,0,0,0,0,0,0,0,0.75,1.875,1.875,1737,7,31,31,2,2,2,3,5,5,0,0,0,0.3333,1.8,1.8,1723,black,"['white', 'timeout']",blitz,180+0,https://lichess.org/rSOS7X72,pro100wdupe
2021-12-22 14:04:59,lichess.org,Sicilian Defense: Delayed Alapin,Sicilian Defense,0,0,0,3,3,2,0,0,0,1.0,2.0455,2.0455,1688,5,44,44,1,1,1,7,8,8,0,0,0,0.5,2.0909,2.0909,1718,black,"['black', 'timeout']",blitz,180+0,https://lichess.org/cRtRq4QS,pro100wdupe
2021-12-22 13:54:45,lichess.org,"Sicilian Defense: Dragon Variation, Yugoslav Attack, Belezky Line",Sicilian Defense,0,0,0,1,0,0,0,0,0,1.5714,5.8966,5.8966,1709,14,57,57,3,3,3,10,11,11,0,0,0,1.2857,2.75,2.75,1724,black,"['white', 'timeout']",blitz,180+0,https://lichess.org/pzHJSrSZ,pro100wdupe
2021-12-22 13:50:03,lichess.org,Vienna Game: Anderssen Defense,Vienna Game,1,1,1,2,2,2,0,0,0,0.5,1.4,1.4,1700,4,11,11,0,0,0,0,0,0,0,0,0,1.0,3.3333,3.3333,1718,white,"['white', 'timeout']",blitz,180+0,https://lichess.org/TAPfMf3M,pro100wdupe
2021-12-22 13:40:20,lichess.org,Sicilian Defense: Modern Variations,Sicilian Defense,0,0,0,1,0,0,0,0,0,0.5,2.1111,2.1111,1752,4,72,72,1,1,1,16,17,17,0,0,0,1.0,2.1667,2.1667,1712,black,"['black', 'timeout']",blitz,180+0,https://lichess.org/iPKp3DCR,pro100wdupe
2021-12-22 11:55:33,lichess.org,French Defense: Queen's Knight,French Defense,1,1,1,10,12,12,1,1,1,2.0,5.16,5.3333,1683,3,51,61,0,0,0,3,1,1,1,1,1,1.5,4.3462,3.9677,1706,white,"['white', 'timeout']",blitz,180+2,https://lichess.org/TT2JPAHC,pro100wdupe
2021-12-22 11:48:16,lichess.org,Sicilian Defense: Bowdler Attack,Sicilian Defense,0,0,0,0,0,0,0,0,0,1.5,5.2333,3.8958,1677,3,60,96,1,1,1,12,14,14,9,9,9,2.0,3.6667,3.8333,1701,black,"['black', 'timeout']",blitz,180+2,https://lichess.org/9MN3hmka,pro100wdupe
2021-12-22 11:40:17,lichess.org,Nimzo-Larsen Attack: English Variation,Nimzo-Larsen Attack,0,0,0,1,0,0,0,0,0,0.0,2.7,2.7,1745,2,40,40,0,0,0,8,9,9,0,0,0,0.0,5.1,5.1,1694,black,"['black', 'timeout']",blitz,180+0,https://lichess.org/Q65ot1fU,pro100wdupe
2021-12-22 11:36:14,lichess.org,Four Knights Game: Italian Variation,Four Knights Game,2,2,2,11,12,12,0,0,0,0.5,4.7778,4.7778,1720,8,55,55,0,0,0,0,0,0,0,0,0,0.5,3.3214,3.3214,1688,white,"['white', 'timeout']",blitz,180+0,https://lichess.org/0hAv1fgi,pro100wdupe
2021-12-22 11:30:13,lichess.org,Owen Defense,Owen Defense,0,0,0,18,20,20,4,6,6,0.0,2.7805,2.5789,1685,2,83,115,0,0,0,1,1,1,3,2,2,0.0,3.9286,2.931,1682,white,"['white', 'timeout']",blitz,180+0,https://lichess.org/uA5XhlAk,pro100wdupe
2021-12-22 11:22:34,lichess.org,Queen's Pawn Game: Colle System,Queen's Pawn Game,0,0,0,3,1,0,0,0,0,0.25,4.0645,4.0645,1716,7,62,62,2,2,2,12,14,14,0,0,0,0.3333,4.5484,4.5484,1675,black,"['black', 'timeout']",blitz,180+0,https://lichess.org/g48Nz6bL,pro100wdupe
2021-12-22 11:19:22,lichess.org,Vienna Game: Vienna Gambit,Vienna Game,1,1,1,4,5,8,11,13,13,0.5,1.2632,1.4222,1589,5,38,90,0,0,0,4,2,1,2,1,0,0.6667,2.5263,2.5111,1677,white,"['draw', 'timeout']",blitz,180+0,https://lichess.org/cGkAptug,pro100wdupe
2021-12-22 11:13:38,lichess.org,Zukertort Opening: Sicilian Invitation,Zukertort Opening,0,0,0,0,0,0,0,0,0,2.0,4.6176,4.6176,1639,2,67,67,0,0,0,14,16,16,0,0,0,2.0,4.9394,4.9394,1683,black,"['white', 'timeout']",blitz,180+2,https://lichess.org/bySLzFlN,pro100wdupe
2021-12-22 11:03:24,lichess.org,Scandinavian Defense: Modern Variation,Scandinavian Defense,1,1,1,10,11,11,6,6,6,0.5,3.2083,3.1842,1600,4,48,77,1,0,0,2,1,1,1,0,0,0.5,3.9583,3.7179,1685,white,"['draw', 'timeout']",blitz,180+0,https://lichess.org/75xeACmu,pro100wdupe
2021-12-22 10:58:06,lichess.org,Sicilian Defense: Moscow Variation,Sicilian Defense,0,0,0,1,1,0,0,0,0,0.6667,5.2069,5.2069,1679,5,57,57,1,1,1,12,12,13,0,0,0,0.5,3.9643,3.9643,1679,black,"['black', 'timeout']",blitz,180+0,https://lichess.org/rJOOAkHc,pro100wdupe
2021-12-21 21:23:21,lichess.org,Sicilian Defense,Sicilian Defense,0,0,0,1,1,1,4,3,1,1.3333,6.6538,6.3333,1765,6,51,65,1,1,1,10,11,11,0,0,1,1.3333,6.12,5.5312,1683,black,"['white', 'timeout']",blitz,180+2,https://lichess.org/lTbqJblW,pro100wdupe
2021-12-21 21:15:34,lichess.org,Vienna Game: Max Lange Defense,Vienna Game,1,1,1,8,11,11,4,5,6,1.5,9.6522,6.425,1635,4,47,81,0,0,0,3,1,1,3,2,1,1.5,6.2083,4.7073,1678,white,"['white', 'timeout']",blitz,180+2,https://lichess.org/4ABdBMHg,pro100wdupe
2021-12-21 21:06:54,lichess.org,French Defense: Queen's Knight,French Defense,1,1,1,13,13,13,12,14,14,2.0,5.6667,4.6667,1618,3,54,115,0,0,0,2,1,1,2,0,0,1.5,5.2593,3.9828,1673,white,"['white', 'timeout']",blitz,180+2,https://lichess.org/ZxaEL4I4,pro100wdupe
2021-12-21 21:01:00,lichess.org,Sicilian Defense: Delayed Alapin,Sicilian Defense,0,0,0,1,1,1,0,0,0,2.3333,6.9259,6.9259,1696,5,54,54,1,1,1,12,12,12,0,0,0,1.5,4.4444,4.4444,1667,black,"['black', 'timeout']",blitz,180+2,https://lichess.org/6TGZvfEg,pro100wdupe
2021-12-21 15:25:13,lichess.org,Scandinavian Defense: Mieses-Kotroc Variation,Scandinavian Defense,1,1,1,19,20,20,0,0,0,0.5,4.1905,4.1905,1761,4,84,84,0,0,0,4,1,0,0,0,0,0.5,3.881,3.881,1671,white,"['black', 'timeout']",blitz,180+0,https://lichess.org/xpb6bi92,pro100wdupe
2021-12-21 14:41:20,lichess.org,Caro-Kann Defense,Caro-Kann Defense,1,1,1,14,14,14,0,0,0,1.5,6.9677,6.9677,1738,4,62,62,0,0,0,2,0,0,0,0,0,1.5,5.1935,5.1935,1676,white,"['black', 'timeout']",blitz,180+2,https://lichess.org/HpnqX5fR,pro100wdupe
2021-12-21 13:14:38,lichess.org,Caro-Kann Defense,Caro-Kann Defense,1,1,1,6,7,7,0,0,0,1.0,2.0625,2.0625,1726,4,32,32,0,0,0,2,0,0,0,0,0,1.5,1.75,1.75,1681,white,"['black', 'timeout']",blitz,180+2,https://lichess.org/rJTXPKrS,pro100wdupe
2021-12-21 13:08:40,lichess.org,Sicilian Defense: Nimzowitsch Variation,Sicilian Defense,0,0,0,0,0,0,3,1,1,2.0,5.2593,4.907,1690,4,53,85,1,1,1,11,12,12,5,7,8,1.5,3.4615,3.1667,1686,black,"['white', 'timeout']",blitz,180+2,https://lichess.org/BYgxNtKp,pro100wdupe
2021-12-21 13:02:49,lichess.org,Sicilian Defense: Modern Variations,Sicilian Defense,0,0,0,0,0,0,0,0,0,1.0,7.9,7.9,1677,4,60,60,1,1,1,12,14,14,0,0,0,1.5,3.3333,3.3333,1680,black,"['black', 'timeout']",blitz,180+2,https://lichess.org/RBxNazVO,pro100wdupe
2021-12-21 12:57:06,lichess.org,Vienna Game: Anderssen Defense,Vienna Game,1,1,1,11,11,11,0,0,0,2.0,9.3333,9.3333,1777,4,49,49,0,0,0,1,1,1,0,0,0,1.0,3.72,3.72,1673,white,"['white', 'timeout']",blitz,180+2,https://lichess.org/gf30jr6J,pro100wdupe
2021-12-21 12:48:49,lichess.org,Sicilian Defense,Sicilian Defense,0,0,0,0,0,0,6,3,2,1.6667,6.5714,5.2941,1740,6,69,102,1,1,1,14,16,16,4,5,6,1.3333,4.0588,3.902,1666,black,"['black', 'timeout']",blitz,180+2,https://lichess.org/6RP1rm1r,pro100wdupe
2021-12-21 12:47:40,lichess.org,Scandinavian Defense: Main Line,Scandinavian Defense,1,1,1,3,4,4,0,0,0,2.0,1.8333,1.8333,1673,6,24,24,1,1,1,0,0,0,0,0,0,1.3333,3.4167,3.4167,1672,white,"['black', 'timeout']",blitz,180+2,https://lichess.org/FxjaRplc,pro100wdupe
2021-12-21 12:37:41,lichess.org,"Vienna Game: Stanley Variation, Meitner-Mieses Gambit",Vienna Game,2,2,2,1,1,1,0,0,0,2.25,10.5714,10.5714,1662,9,15,15,1,0,0,1,1,0,0,0,0,1.4,4.0,4.0,1666,white,"['white', 'timeout']",blitz,180+2,https://lichess.org/U7N3x5LC,pro100wdupe
2021-12-21 12:31:50,lichess.org,Sicilian Defense: Modern Variations,Sicilian Defense,0,0,0,2,0,0,1,1,0,1.5,4.6875,4.5,1685,4,63,72,1,1,1,13,15,15,1,2,2,1.5,5.3871,5.0556,1660,black,"['black', 'timeout']",blitz,180+2,https://lichess.org/p8uxKbAP,pro100wdupe
2021-12-21 12:28:46,lichess.org,Four Knights Game: Italian Variation,Four Knights Game,2,2,2,7,7,7,0,0,0,5.75,5.5556,5.5556,1578,8,37,37,0,0,0,1,1,1,0,0,0,2.5,3.2105,3.2105,1655,white,"['white', 'timeout']",blitz,180+2,https://lichess.org/odlQUBDj,pro100wdupe
2021-12-21 12:24:16,lichess.org,Sicilian Defense: Modern Variations,Sicilian Defense,0,0,0,3,0,0,0,0,0,1.0,8.0526,8.0526,1661,4,37,37,1,1,1,7,8,8,0,0,0,1.5,6.0,6.0,1649,black,"['black', 'timeout']",blitz,180+2,https://lichess.org/aJ0X0Mzd,pro100wdupe
2021-12-21 12:18:16,lichess.org,Sicilian Defense,Sicilian Defense,0,0,0,2,0,0,0,0,0,1.3333,7.9643,7.9643,1676,6,56,56,1,1,1,10,12,12,0,0,0,2.0,4.3571,4.3571,1643,black,"['black', 'timeout']",blitz,180+2,https://lichess.org/Ki4Gcq7z,pro100wdupe
2021-12-21 11:27:04,lichess.org,Pirc Defense,Pirc Defense,0,0,0,9,9,9,0,0,0,2.0,5.2,5.2,1652,2,40,40,0,0,0,1,0,0,0,0,0,2.0,4.45,4.45,1649,white,"['black', 'timeout']",blitz,180+2,https://lichess.org/oORXLENW,pro100wdupe
2021-12-21 10:10:52,lichess.org,Nimzo-Larsen Attack: English Variation,Nimzo-Larsen Attack,0,0,0,0,0,0,1,1,1,2.0,2.6087,3.7344,1690,2,46,127,0,0,0,11,11,11,18,20,20,2.0,2.8261,4.0476,1654,black,"['white', 'timeout']",blitz,180+2,https://lichess.org/FeGvejzm,pro100wdupe
2021-12-21 10:07:54,lichess.org,Caro-Kann Defense,Caro-Kann Defense,1,1,1,11,13,13,0,0,0,1.5,2.7857,2.7857,1667,4,57,57,0,0,0,2,0,0,0,0,0,1.5,3.2414,3.2414,1647,white,"['white', 'timeout']",blitz,180+2,https://lichess.org/Ltzqz5NN,pro100wdupe
2021-12-20 19:46:34,lichess.org,Sicilian Defense,Sicilian Defense,0,0,0,2,1,1,0,0,0,3.0,3.0,3.0,1636,6,45,45,1,1,1,9,10,10,0,0,0,1.3333,3.5,3.5,1653,black,"['white', 'timeout']",blitz,180+2,https://lichess.org/KdDVuMAT,pro100wdupe
2021-12-20 15:10:27,lichess.org,Queen's Pawn Game: Colle System,Queen's Pawn Game,0,0,0,1,0,0,0,0,0,0.6667,1.3333,1.3333,1656,6,23,23,1,1,1,4,4,4,0,0,0,0.3333,2.2727,2.2727,1659,black,"['white', 'timeout']",blitz,180+0,https://lichess.org/g2YDMF7R,pro100wdupe
2021-12-20 15:03:35,lichess.org,"Vienna Game: Stanley Variation, Meitner-Mieses Gambit",Vienna Game,2,2,2,1,1,4,0,0,0,2.75,5.4167,5.4167,1643,9,24,24,1,0,0,1,1,0,0,0,0,1.0,4.75,4.75,1665,white,"['black', 'timeout']",blitz,180+0,https://lichess.org/Xr0TCFyA,pro100wdupe
2021-12-20 11:05:46,lichess.org,Sicilian Defense: Alapin Variation,Sicilian Defense,0,0,0,2,0,0,0,0,0,2.0,8.5294,8.5294,1686,3,33,33,1,1,1,5,6,7,0,0,0,2.0,7.4375,7.4375,1671,black,"['white', 'timeout']",blitz,180+2,https://lichess.org/HbPNcYxy,pro100wdupe
2021-12-20 10:57:14,lichess.org,"Vienna Game: Stanley Variation, Meitner-Mieses Gambit",Vienna Game,2,2,2,9,12,12,6,7,11,3.0,5.0333,4.4151,1642,9,61,107,1,0,0,3,1,1,6,2,1,1.4,4.5806,4.1481,1665,white,"['white', 'timeout']",blitz,180+2,https://lichess.org/BgwIx9tg,pro100wdupe
2021-12-20 10:53:21,lichess.org,Sicilian Defense: Old Sicilian,Sicilian Defense,0,0,0,0,0,0,0,0,0,1.5,4.76,4.76,1639,4,50,50,1,1,1,11,11,11,0,0,0,1.0,3.16,3.16,1660,black,"['black', 'timeout']",blitz,180+2,https://lichess.org/DQUuRKdC,pro100wdupe
2021-12-20 10:50:13,lichess.org,Sicilian Defense: Alapin Variation,Sicilian Defense,1,1,1,6,6,7,0,0,0,2.0,4.0,4.0,1628,3,43,43,0,0,0,5,5,4,0,0,0,1.5,3.2273,3.2273,1654,white,"['white', 'timeout']",blitz,180+2,https://lichess.org/BtQXKJNp,pro100wdupe
2021-12-20 10:47:18,lichess.org,Vienna Game: Vienna Gambit,Vienna Game,1,1,1,3,5,5,0,0,0,5.5,4.0769,4.0769,1627,5,26,26,0,0,0,2,1,1,0,0,0,3.0,2.4615,2.4615,1648,white,"['white', 'timeout']",blitz,180+2,https://lichess.org/CvML8fZw,pro100wdupe
2021-12-20 10:44:45,lichess.org,"Queen's Gambit Declined: Neo-Orthodox Variation, Main Line",Queen's Gambit Declined,1,0,0,0,0,0,0,0,0,2.2857,4.7059,4.7059,1657,13,34,34,2,3,3,5,5,5,0,0,0,0.8333,2.6471,2.6471,1642,black,"['black', 'timeout']",blitz,180+2,https://lichess.org/lShKq1Am,pro100wdupe
2021-12-20 10:37:02,lichess.org,Sicilian Defense: Old Sicilian,Sicilian Defense,0,0,0,0,0,0,0,0,0,1.5,2.9643,2.7049,1557,4,56,122,1,1,1,13,13,13,16,16,16,1.5,2.6071,3.1639,1637,black,"['black', 'timeout']",blitz,180+2,https://lichess.org/ico3UQfA,pro100wdupe
2021-12-20 09:36:21,lichess.org,Modern Defense,Modern Defense,0,0,0,15,16,16,0,0,0,2.0,7.1212,7.1212,1583,2,67,67,0,0,0,0,0,0,0,0,0,2.0,6.6765,6.6765,1631,white,"['white', 'timeout']",blitz,180+2,https://lichess.org/cMJhR71D,pro100wdupe
2021-12-19 16:00:50,lichess.org,"Sicilian Defense: Smith-Morra Gambit Declined, Alapin Formation",Sicilian Defense,0,0,0,0,0,0,0,0,0,3.6667,7.0,7.0,1582,6,44,44,1,1,1,9,9,9,0,0,0,1.6667,4.6818,4.6818,1625,black,"['black', 'timeout']",blitz,180+2,https://lichess.org/FNKxbWZj,pro100wdupe
2021-12-16 12:22:12,lichess.org,Sicilian Defense: Alapin Variation,Sicilian Defense,1,1,1,3,4,5,0,0,0,2.0,5.8889,5.8889,1600,3,37,37,0,0,0,6,4,4,0,0,0,1.5,4.6842,4.6842,1619,white,"['white', 'timeout']",blitz,180+2,https://lichess.org/E5S0zjyy,pro100wdupe
2021-12-14 21:33:48,lichess.org,Sicilian Defense,Sicilian Defense,0,0,0,1,1,1,0,0,0,1.6667,5.0667,5.0667,1630,6,30,30,1,1,1,5,6,6,0,0,0,1.3333,5.0,5.0,1625,black,"['white', 'timeout']",blitz,180+2,https://lichess.org/a9mPJtXY,pro100wdupe
2021-12-14 12:52:29,lichess.org,"Vienna Game: Stanley Variation, Meitner-Mieses Gambit",Vienna Game,2,2,2,1,1,3,0,0,0,2.0,4.5833,4.5833,1636,9,24,24,0,0,0,1,1,1,0,0,0,1.4,2.3333,2.3333,1631,white,"['black', 'timeout']",blitz,180+2,https://lichess.org/ltw6cUaQ,pro100wdupe
2021-12-14 10:24:57,lichess.org,"English Opening: Symmetrical Variation, Normal Variation",English Opening,0,0,0,10,6,3,1,1,1,1.0,3.2812,3.3636,1674,3,64,65,1,1,1,8,13,14,0,0,0,2.0,4.4375,4.4375,1637,black,"['white', 'timeout']",blitz,180+2,https://lichess.org/EomnIvCe,pro100wdupe
2021-12-12 21:18:54,lichess.org,Vienna Game,Vienna Game,1,1,1,9,11,12,12,12,12,2.0,2.8148,2.3929,1686,3,55,113,0,0,0,1,1,1,3,3,3,1.5,4.0714,3.5088,1630,white,"['white', 'timeout']",blitz,180+2,https://lichess.org/VWK1dSly,pro100wdupe
2021-12-12 21:15:34,lichess.org,Vienna Game,Vienna Game,1,1,1,4,4,6,0,0,0,2.0,7.1053,7.1053,1679,3,39,39,0,0,0,4,2,1,0,0,0,1.5,2.85,2.85,1622,white,"['white', 'timeout']",blitz,180+2,https://lichess.org/IWs3D1hV,pro100wdupe
2021-12-12 21:12:04,lichess.org,"Vienna Game: Stanley Variation, Meitner-Mieses Gambit",Vienna Game,2,2,2,1,1,2,0,0,0,3.0,9.3846,9.3846,1609,9,27,27,1,0,0,3,3,2,0,0,0,1.2,4.0,4.0,1616,white,"['white', 'timeout']",blitz,180+2,https://lichess.org/wMcZB11L,pro100wdupe
2021-12-12 21:10:01,lichess.org,"Vienna Game: Stanley Variation, Meitner-Mieses Gambit",Vienna Game,2,2,2,2,2,2,0,0,0,7.75,6.5455,6.5455,1612,9,23,23,1,0,0,1,1,1,0,0,0,1.6,3.1667,3.1667,1610,white,"['white', 'timeout']",blitz,180+2,https://lichess.org/QeqLJioe,pro100wdupe
2021-12-12 21:01:30,lichess.org,"Sicilian Defense: Dragon Variation, Classical Variation",Sicilian Defense,0,0,0,2,0,0,0,0,0,0.8571,5.6216,5.6216,1603,14,74,74,3,3,3,14,15,15,0,0,0,1.2857,5.7027,5.7027,1604,black,"['black', 'timeout']",blitz,180+2,https://lichess.org/9bRSCXKc,pro100wdupe
2021-12-12 20:57:09,lichess.org,Bird Opening,Bird Opening,0,0,0,1,0,0,0,0,0,2.0,3.7586,3.7586,1561,1,58,58,0,0,0,13,14,14,0,0,0,0.0,3.931,3.931,1598,black,"['black', 'timeout']",blitz,180+2,https://lichess.org/8bK8yqMn,pro100wdupe
2021-12-12 20:46:35,lichess.org,Vienna Game: Anderssen Defense,Vienna Game,1,1,1,14,14,14,8,11,12,1.5,5.1333,5.2407,1647,4,60,109,0,0,0,1,1,0,1,1,1,1.5,6.2667,4.4909,1590,white,"['white', 'timeout']",blitz,180+2,https://lichess.org/d03QuYz8,pro100wdupe
2021-12-06 21:21:54,lichess.org,French Defense: Queen's Knight,French Defense,1,1,1,12,12,12,13,15,15,2.0,4.8077,3.8136,1517,3,52,118,0,0,0,1,1,1,1,0,0,1.5,6.1538,4.8644,1597,white,"['black', 'timeout']",blitz,180+2,https://lichess.org/ZP41bv8d,pro100wdupe
2021-12-06 21:16:55,lichess.org,"Sicilian Defense: Alapin Variation, Smith-Morra Declined",Sicilian Defense,1,0,0,0,0,0,0,0,0,2.75,6.4074,6.4074,1522,8,54,54,2,2,2,11,11,11,0,0,0,1.75,3.7037,3.7037,1592,black,"['black', 'timeout']",blitz,180+2,https://lichess.org/2H5s9VWT,pro100wdupe
2021-12-06 21:10:38,lichess.org,Sicilian Defense: Delayed Alapin,Sicilian Defense,1,1,1,12,12,12,0,0,0,1.5,6.1613,6.1613,1623,5,62,62,0,0,0,3,2,2,0,0,0,2.6667,5.6452,5.6452,1598,white,"['black', 'timeout']",blitz,180+2,https://lichess.org/DkUGrY8X,pro100wdupe
2021-12-06 21:03:58,lichess.org,Sicilian Defense,Sicilian Defense,0,0,0,0,0,0,0,0,0,3.3333,6.2973,6.2973,1618,6,74,74,1,1,1,16,17,17,0,0,0,1.3333,3.7838,3.7838,1591,black,"['black', 'timeout']",blitz,180+2,https://lichess.org/ff2JkXbz,pro100wdupe
2021-12-06 21:03:09,lichess.org,Caro-Kann Defense,Caro-Kann Defense,1,1,1,4,4,4,0,0,0,1.0,2.4444,2.4444,1554,4,19,19,0,0,0,1,1,1,0,0,0,1.0,1.1,1.1,1586,white,"['white', 'timeout']",blitz,180+2,https://lichess.org/6YKWfs1B,pro100wdupe
2021-12-06 20:55:51,lichess.org,Queen's Pawn Game: Colle System,Queen's Pawn Game,0,0,0,0,0,0,0,0,0,2.0,3.2857,3.2857,1562,7,27,27,2,2,2,5,5,5,0,0,0,1.0,3.1538,3.1538,1592,black,"['white', 'timeout']",blitz,180+2,https://lichess.org/9RdD0l3p,pro100wdupe
2021-12-06 20:51:56,lichess.org,Vienna Game: Anderssen Defense,Vienna Game,1,1,1,9,10,10,0,0,0,2.0,5.1304,5.1304,1477,4,46,46,0,0,0,1,0,0,0,0,0,1.5,3.6522,3.6522,1601,white,"['black', 'timeout']",blitz,180+2,https://lichess.org/TQomGmy7,pro100wdupe
2021-12-06 20:48:56,lichess.org,Sicilian Defense: Moscow Variation,Sicilian Defense,0,0,0,4,4,4,0,0,0,1.6667,3.3333,3.3333,1601,5,48,48,1,1,1,7,7,7,0,0,0,1.5,3.5417,3.5417,1594,black,"['black', 'timeout']",blitz,180+2,https://lichess.org/dfMAYPka,pro100wdupe
2021-12-06 20:43:57,lichess.org,French Defense: Queen's Knight,French Defense,1,1,1,7,8,9,0,0,0,2.0,5.7,5.7,1523,3,41,41,0,0,0,1,0,0,0,0,0,2.0,8.5714,8.5714,1589,white,"['white', 'timeout']",blitz,180+2,https://lichess.org/h6tAvEGu,pro100wdupe
2021-12-06 20:36:06,lichess.org,French Defense: Queen's Knight,French Defense,1,1,1,14,15,16,0,0,0,2.0,7.0606,7.0606,1614,3,66,66,0,0,0,1,0,0,0,0,0,2.0,5.9091,5.9091,1595,white,"['black', 'timeout']",blitz,180+2,https://lichess.org/udh4hIhK,pro100wdupe
2021-12-06 20:28:13,lichess.org,"Queen's Gambit Declined: Harrwitz Attack, Orthodox Defense",Queen's Gambit Declined,1,0,0,0,0,0,0,0,0,2.0,8.1429,8.1429,1580,12,56,56,2,3,3,10,11,11,0,0,0,0.8333,7.9286,7.9286,1588,black,"['black', 'timeout']",blitz,180+2,https://lichess.org/26tpJIf0,pro100wdupe
2021-12-06 20:22:29,lichess.org,Caro-Kann Defense,Caro-Kann Defense,1,1,1,15,16,16,2,2,2,1.5,3.7429,3.4615,1594,4,70,78,0,0,0,4,0,0,0,0,0,3.0,4.8,4.5128,1595,white,"['black', 'timeout']",blitz,180+2,https://lichess.org/uwUC8ty5,pro100wdupe
2021-12-06 20:11:19,lichess.org,Sicilian Defense: Closed,Sicilian Defense,1,0,0,7,5,2,5,3,1,1.5,6.3793,4.4528,1605,3,57,105,1,1,1,7,11,12,9,11,11,2.0,7.3571,5.4038,1602,black,"['white', 'timeout']",blitz,180+2,https://lichess.org/GBRwqcFO,pro100wdupe
2021-12-06 20:04:59,lichess.org,Vienna Game: Anderssen Defense,Vienna Game,1,1,1,6,8,9,2,2,2,7.5,10.0,8.3333,1749,4,42,55,0,0,0,3,1,1,0,0,0,1.5,5.381,4.6071,1592,white,"['white', 'timeout']",blitz,180+2,https://lichess.org/FN3VppbB,pro100wdupe
2021-12-06 19:48:29,lichess.org,Sicilian Defense: Alapin Variation,Sicilian Defense,0,0,0,10,6,5,0,0,0,1.5,6.9714,6.9714,1604,3,69,69,1,1,1,8,9,11,0,0,0,2.0,7.2059,7.2059,1599,black,"['white', 'timeout']",blitz,180+2,https://lichess.org/MaUPdTgf,pro100wdupe
2021-12-06 19:40:09,lichess.org,Sicilian Defense: Alapin Variation,Sicilian Defense,1,1,1,11,13,13,2,4,4,2.0,7.6333,6.4474,1627,3,61,76,0,0,0,1,1,1,3,0,0,1.5,7.5806,6.4211,1606,white,"['black', 'timeout']",blitz,180+2,https://lichess.org/ZhCHPqWR,pro100wdupe
2021-12-06 18:53:45,lichess.org,French Defense: Queen's Knight,French Defense,1,1,1,16,20,20,7,10,10,2.0,5.3095,4.5079,1671,3,84,127,0,0,0,3,1,1,1,1,1,1.5,5.6905,4.4219,1597,white,"['white', 'timeout']",blitz,180+2,https://lichess.org/dfLO3fwE,pro100wdupe
2021-12-06 18:38:20,lichess.org,Indian Defense: Normal Variation,Indian Defense,1,0,0,6,4,2,0,0,0,1.0,6.1034,6.1034,1599,3,58,58,1,1,1,9,12,12,0,0,0,2.0,5.8276,5.8276,1589,black,"['black', 'timeout']",blitz,180+2,https://lichess.org/oz3U7kkK,pro100wdupe
2021-11-28 20:58:12,lichess.org,"English Opening: Symmetrical Variation, Normal Variation",English Opening,0,0,0,1,1,1,0,0,0,1.5,7.5,7.5,1578,3,52,52,1,1,1,11,11,11,0,0,0,2.0,6.9231,6.9231,1582,black,"['black', 'timeout']",blitz,180+2,https://lichess.org/D8vE4sOu,pro100wdupe
2021-11-27 16:13:16,lichess.org,Four Knights Game: Italian Variation,Four Knights Game,2,2,2,13,13,13,2,4,5,0.3333,3.5667,3.05,1567,7,60,80,0,0,0,2,0,0,3,2,0,1.0,2.6333,2.475,1589,white,"['black', 'timeout']",blitz,180+0,https://lichess.org/8HPtfHQH,pro100wdupe
2021-11-27 16:03:28,lichess.org,"English Opening: Symmetrical Variation, Four Knights Variation",English Opening,0,0,0,2,1,1,1,0,0,2.0,5.6071,5.625,1590,6,56,95,1,1,1,12,12,12,7,9,9,1.0,4.3571,4.9787,1596,black,"['white', 'timeout']",blitz,180+2,https://lichess.org/4O4rjITo,pro100wdupe
2021-11-24 12:18:40,lichess.org,Sicilian Defense: Bowdler Attack,Sicilian Defense,0,0,0,1,1,0,0,0,0,2.0,9.5217,9.5217,1612,3,46,46,1,1,1,11,11,11,0,0,0,2.0,6.0435,6.0435,1589,black,"['black', 'timeout']",blitz,180+2,https://lichess.org/qPtJKj0d,pro100wdupe
2021-11-24 12:08:10,lichess.org,Sicilian Defense: Modern Variations,Sicilian Defense,0,0,0,1,0,0,0,0,0,1.5,4.1923,4.1923,1544,4,52,52,1,1,1,11,12,12,0,0,0,1.5,4.4615,4.4615,1583,black,"['black', 'timeout']",blitz,180+2,https://lichess.org/j1phQjL6,pro100wdupe
2021-11-23 19:55:54,lichess.org,Scandinavian Defense: Main Line,Scandinavian Defense,1,1,1,8,12,12,1,1,1,1.0,5.5185,5.4138,1591,6,54,58,1,1,1,3,1,1,0,0,0,1.0,5.5556,5.2414,1590,white,"['black', 'timeout']",blitz,180+2,https://lichess.org/spkblg2x,pro100wdupe
2021-11-23 10:31:50,lichess.org,Sicilian Defense,Sicilian Defense,0,0,0,0,0,0,0,0,0,2.3333,10.5294,10.5294,1591,6,34,34,1,1,1,6,7,7,0,0,0,1.0,2.4706,2.4706,1583,black,"['black', 'timeout']",blitz,180+2,https://lichess.org/Q4dPFG5N,pro100wdupe
2021-11-21 16:47:21,lichess.org,"Vienna Game: Stanley Variation, Meitner-Mieses Gambit",Vienna Game,2,2,2,3,3,5,0,0,0,7.5,11.1176,11.1176,1577,9,34,34,1,0,0,2,2,2,0,0,0,1.0,10.8235,10.8235,1589,white,"['black', 'timeout']",blitz,180+2,https://lichess.org/q8cFh4a0,pro100wdupe
2021-11-21 16:36:40,lichess.org,"Vienna Game: Vienna Gambit, Main Line",Vienna Game,1,1,1,15,16,16,0,0,0,1.6667,6.75,6.75,1636,6,72,72,0,0,0,4,0,0,0,0,0,1.6667,6.8889,6.8889,1595,white,"['black', 'timeout']",blitz,180+2,https://lichess.org/TnAxFmKW,pro100wdupe
2021-11-21 16:30:43,lichess.org,Indian Defense,Indian Defense,0,0,0,1,0,0,0,0,0,2.0,3.6333,3.6333,1592,2,59,59,0,0,0,11,14,14,0,0,0,2.0,5.4828,5.4828,1602,black,"['white', 'timeout']",blitz,180+2,https://lichess.org/VABxOIQY,pro100wdupe
2021-11-21 16:18:52,lichess.org,Hungarian Opening: Sicilian Invitation,Hungarian Opening,0,0,0,1,0,0,0,0,0,2.0,6.5135,6.5135,1598,2,73,73,0,0,0,16,18,18,0,0,0,2.0,6.3611,6.3611,1609,black,"['white', 'timeout']",blitz,180+2,https://lichess.org/LHRCgrrP,pro100wdupe
2021-11-21 14:24:14,lichess.org,"Queen's Gambit Declined: Neo-Orthodox Variation, Main Line",Queen's Gambit Declined,0,0,0,1,1,1,5,2,1,1.4286,4.5,4.209,1652,13,83,133,3,3,3,16,16,16,8,10,11,1.5,6.0,4.5909,1615,black,"['white', 'timeout']",blitz,180+2,https://lichess.org/sKkN2c7V,pro100wdupe
2021-11-21 14:15:40,lichess.org,"Vienna Game: Vienna Gambit, Main Line",Vienna Game,1,1,1,15,15,15,1,1,1,1.3333,7.0,6.6389,1511,6,66,73,0,0,0,1,1,1,1,1,1,2.6667,6.7273,6.4595,1610,white,"['white', 'timeout']",blitz,180+2,https://lichess.org/dCPtDC9a,pro100wdupe
2021-11-21 14:07:30,lichess.org,Sicilian Defense: Delayed Alapin,Sicilian Defense,0,0,0,7,7,5,2,2,2,1.3333,3.6,4.8125,1500,5,39,96,1,1,1,2,2,3,11,11,11,1.0,4.8947,4.1458,1607,black,"['black', 'timeout']",blitz,180+2,https://lichess.org/Xww6nUxk,pro100wdupe
2021-11-21 14:04:59,lichess.org,Caro-Kann Defense,Caro-Kann Defense,1,1,1,9,10,10,0,0,0,1.5,2.8095,2.8095,1574,4,43,43,0,0,0,0,0,0,0,0,0,1.0,3.6364,3.6364,1600,white,"['white', 'timeout']",blitz,180+2,https://lichess.org/pXARUW7h,pro100wdupe
2021-11-21 14:00:02,lichess.org,French Defense: Queen's Knight,French Defense,1,1,1,12,13,13,0,0,0,2.0,4.4815,4.4815,1568,3,54,54,0,0,0,2,1,1,0,0,0,1.0,4.7037,4.7037,1608,white,"['black', 'timeout']",blitz,180+2,https://lichess.org/Mux8AOh5,pro100wdupe
2021-11-16 15:14:00,lichess.org,Van't Kruijs Opening,Van't Kruijs Opening,0,0,0,0,0,0,0,0,0,0.0,5.4286,5.4286,1656,1,13,13,0,0,0,3,3,3,0,0,0,0.0,4.6667,4.6667,1614,black,"['white', 'timeout']",blitz,180+0,https://lichess.org/wRLKL6V7,pro100wdupe
2021-11-16 15:09:10,lichess.org,Queen's Gambit Declined: Exchange Variation,Queen's Gambit Declined,0,0,0,2,1,1,0,0,0,0.75,4.0714,4.0714,1588,7,56,56,1,2,2,9,11,11,0,0,0,0.6667,4.4643,4.4643,1608,black,"['black', 'timeout']",blitz,180+0,https://lichess.org/qLr74fyV,pro100wdupe
2021-11-16 14:59:28,lichess.org,Vienna Game,Vienna Game,1,1,1,13,16,16,0,0,0,0.0,2.303,2.303,1604,3,67,67,0,0,0,1,1,1,0,0,0,0.5,4.0,4.0,1600,white,"['white', 'timeout']",blitz,180+0,https://lichess.org/9to0uyqB,pro100wdupe
2021-11-16 13:45:13,lichess.org,French Defense: Queen's Knight,French Defense,1,1,1,6,7,7,0,0,0,0.0,1.8,1.8,1590,3,30,30,0,0,0,1,0,0,0,0,0,0.5,3.0,3.0,1608,white,"['black', 'timeout']",blitz,180+0,https://lichess.org/omFzJrrD,pro100wdupe
2021-11-16 13:40:52,lichess.org,Sicilian Defense: Smith-Morra Gambit,Sicilian Defense,0,0,0,7,5,2,0,0,0,1.0,6.0,6.0,1591,3,50,50,1,1,1,4,7,8,0,0,0,0.0,3.36,3.36,1600,black,"['black', 'timeout']",blitz,180+0,https://lichess.org/vdrMbVhB,pro100wdupe
2021-11-16 13:38:00,lichess.org,Queen's Pawn Game: Colle System,Queen's Pawn Game,0,0,0,0,0,0,0,0,0,3.6667,3.6842,3.6842,1593,6,38,38,1,1,1,8,8,8,0,0,0,1.0,1.8421,1.8421,1593,black,"['black', 'timeout']",blitz,180+2,https://lichess.org/4538hieO,pro100wdupe
2021-11-13 18:08:23,lichess.org,Indian Defense,Indian Defense,0,0,0,1,0,0,0,0,0,2.0,5.0,5.0,1674,2,38,38,0,0,0,7,9,9,0,0,0,2.0,4.1053,4.1053,1583,black,"['black', 'timeout']",blitz,180+2,https://lichess.org/DoZnH2ER,pro100wdupe
2021-11-11 20:10:21,lichess.org,Vienna Game: Vienna Gambit,Vienna Game,1,1,1,13,14,16,5,6,6,2.5,5.7778,4.9831,1531,5,91,119,0,0,0,9,8,6,2,1,1,1.0,4.8913,4.2333,1577,white,"['white', 'timeout']",blitz,180+2,https://lichess.org/9fhQGCtE,pro100wdupe
2021-11-11 19:50:25,lichess.org,Vienna Game: Frankenstein-Dracula Variation,Vienna Game,1,1,1,8,10,10,9,11,15,3.3333,5.9565,3.5556,1468,6,47,109,1,1,1,1,0,0,7,4,0,1.6667,3.6667,2.4,1587,white,"['black', 'timeout']",blitz,180+2,https://lichess.org/wlSKMO4I,pro100wdupe
2021-11-11 18:44:44,lichess.org,Sicilian Defense: Bowdler Attack,Sicilian Defense,0,0,0,2,0,0,2,0,0,2.0,7.6071,5.5918,1592,3,55,98,1,1,1,12,13,13,6,10,11,2.0,2.2222,2.3673,1578,black,"['black', 'timeout']",blitz,180+2,https://lichess.org/dy9Jv6Bf,pro100wdupe
2021-11-10 15:30:29,lichess.org,Sicilian Defense,Sicilian Defense,0,0,0,3,0,0,0,0,0,3.0,4.65,4.65,1609,6,40,40,1,1,1,7,8,8,0,0,0,1.3333,4.7,4.7,1570,black,"['black', 'timeout']",blitz,180+2,https://lichess.org/skt9thsK,pro100wdupe
2021-11-10 15:21:41,lichess.org,Caro-Kann Defense,Caro-Kann Defense,1,1,1,16,20,20,7,7,7,1.5,6.119,4.7544,1574,4,84,114,0,0,0,2,0,0,1,0,0,2.0,5.0238,4.3158,1578,white,"['black', 'timeout']",blitz,180+2,https://lichess.org/pBM0yWSr,pro100wdupe
2021-11-10 15:18:02,lichess.org,Four Knights Game: Italian Variation,Four Knights Game,2,2,2,4,6,6,0,0,0,1.3333,3.8,3.8,1611,7,30,30,0,0,0,1,0,0,0,0,0,2.25,8.8667,8.8667,1585,white,"['black', 'timeout']",blitz,180+2,https://lichess.org/4YmL3tuY,pro100wdupe
2021-11-10 15:11:26,lichess.org,Sicilian Defense: Moscow Variation,Sicilian Defense,0,0,0,1,0,0,0,0,0,1.3333,5.5588,5.5588,1583,5,68,68,1,1,1,14,16,16,0,0,0,1.5,5.4412,5.4412,1577,black,"['black', 'timeout']",blitz,180+2,https://lichess.org/4vOnULEY,pro100wdupe
2021-11-10 15:05:33,lichess.org,Bird Opening: Dutch Variation,Bird Opening,0,0,0,10,13,13,0,0,0,2.0,6.8889,6.8889,1500,2,55,55,0,0,0,1,0,0,0,0,0,2.0,5.75,5.75,1570,white,"['white', 'timeout']",blitz,180+2,https://lichess.org/Hx18Zr5S,pro100wdupe
2021-11-10 14:58:29,lichess.org,Alekhine Defense,Alekhine Defense,0,0,0,13,13,13,6,8,9,2.0,4.5357,4.3696,1610,2,56,93,0,0,0,2,1,0,1,0,0,2.0,3.8571,4.0426,1560,white,"['white', 'timeout']",blitz,180+2,https://lichess.org/GbAwllnD,pro100wdupe
2021-11-10 14:52:16,lichess.org,"Sicilian Defense: Delayed Alapin, Basman-Palatnik Gambit",Sicilian Defense,0,0,0,3,2,1,0,0,0,2.0,6.2143,6.2143,1563,12,55,55,3,3,3,8,10,11,0,0,0,1.0,6.8148,6.8148,1569,black,"['white', 'timeout']",blitz,180+2,https://lichess.org/cMGMXZlL,pro100wdupe
2021-11-10 13:35:24,lichess.org,Sicilian Defense: Modern Variations,Sicilian Defense,0,0,0,1,1,1,0,0,0,1.5,3.1579,3.1579,1583,4,37,37,1,1,1,6,7,8,0,0,0,1.0,3.0556,3.0556,1578,black,"['white', 'timeout']",blitz,180+2,https://lichess.org/LQ1LUP9g,pro100wdupe
2021-11-10 12:55:57,lichess.org,Four Knights Game: Italian Variation,Four Knights Game,2,2,2,11,12,12,10,11,12,2.0,7.8214,5.2885,1600,7,57,105,0,0,0,1,1,0,2,1,1,1.0,6.4828,4.8491,1567,white,"['white', 'timeout']",blitz,180+2,https://lichess.org/7OKrDTVc,pro100wdupe
2021-11-10 12:50:54,lichess.org,"French Defense: Classical Variation, Svenonius Variation",French Defense,2,2,2,4,4,4,16,16,17,1.0,4.0556,3.4038,1591,7,36,105,0,0,0,4,3,3,1,0,0,1.5,2.2222,2.2264,1557,white,"['white', 'timeout']",blitz,180+2,https://lichess.org/uOYtvIel,pro100wdupe
2021-11-10 12:42:58,lichess.org,Sicilian Defense: Modern Variations,Sicilian Defense,0,0,0,2,0,0,1,0,0,1.5,6.7143,5.3654,1566,4,56,104,1,1,1,11,13,13,11,12,12,1.5,3.5,3.1346,1547,black,"['black', 'timeout']",blitz,180+2,https://lichess.org/KzwH7uCO,pro100wdupe
2021-11-10 12:41:55,lichess.org,Sicilian Defense,Sicilian Defense,0,0,0,1,0,0,0,0,0,1.3333,2.5,2.5,1582,6,24,24,1,1,1,3,4,4,0,0,0,1.3333,2.0,2.0,1535,black,"['black', 'timeout']",blitz,180+2,https://lichess.org/gp0UGRwA,pro100wdupe
2021-11-09 15:08:03,lichess.org,Pirc Defense,Pirc Defense,0,0,0,12,12,12,0,0,0,2.0,3.84,3.84,1545,2,50,50,0,0,0,0,0,0,0,0,0,2.0,5.2,5.2,1545,white,"['black', 'timeout']",blitz,180+2,https://lichess.org/BRfueSMA,pro100wdupe
2021-11-09 13:11:04,lichess.org,Four Knights Game: Italian Variation,Four Knights Game,2,2,2,7,7,7,0,0,0,1.6667,3.5789,3.5789,1536,7,38,38,0,0,0,2,1,0,0,0,0,1.25,6.7895,6.7895,1556,white,"['black', 'timeout']",blitz,180+2,https://lichess.org/4JBSqs6B,pro100wdupe
2021-11-09 13:06:34,lichess.org,Indian Defense,Indian Defense,0,0,0,0,0,0,0,0,0,2.0,4.2069,4.2069,1555,2,58,58,0,0,0,13,14,14,0,0,0,2.0,4.6552,4.6552,1545,black,"['black', 'timeout']",blitz,180+2,https://lichess.org/rIFJuogo,pro100wdupe
2021-11-09 13:01:00,lichess.org,Sicilian Defense,Sicilian Defense,0,0,0,0,0,0,0,0,0,1.6667,5.75,5.75,1532,6,56,56,1,1,1,11,12,12,0,0,0,1.3333,5.5714,5.5714,1534,black,"['black', 'timeout']",blitz,180+2,https://lichess.org/BXa6qqsC,pro100wdupe
2021-11-09 12:53:57,lichess.org,Vienna Game,Vienna Game,1,1,1,13,13,13,0,0,0,2.0,6.25,6.069,1545,3,57,58,0,0,0,2,0,0,0,0,0,2.0,7.8621,7.8621,1545,white,"['black', 'timeout']",blitz,180+2,https://lichess.org/yhaEUL2q,pro100wdupe
2021-11-08 22:52:13,lichess.org,Sicilian Defense: Alapin Variation,Sicilian Defense,1,1,1,5,5,5,0,0,0,2.0,4.9091,4.9091,1567,3,44,44,0,0,0,5,5,5,0,0,0,1.5,3.9545,3.9545,1556,white,"['black', 'timeout']",blitz,180+2,https://lichess.org/fQFJe2W3,pro100wdupe
2021-11-08 22:44:54,lichess.org,Sicilian Defense: McDonnell Attack,Sicilian Defense,0,0,0,5,4,1,0,0,0,1.5,6.0,6.0,1516,3,57,57,1,1,1,9,12,13,0,0,0,2.0,8.3571,8.3571,1570,black,"['white', 'timeout']",blitz,180+2,https://lichess.org/mEC1BeHD,pro100wdupe
2021-11-08 22:39:16,lichess.org,French Defense: Queen's Knight,French Defense,1,1,1,11,12,12,0,0,0,2.0,8.0385,8.0385,1572,3,52,52,0,0,0,2,0,0,0,0,0,1.5,4.5,4.5,1583,white,"['black', 'timeout']",blitz,180+2,https://lichess.org/oS83e0GQ,pro100wdupe
2021-11-08 22:30:45,lichess.org,Sicilian Defense: Alapin Variation,Sicilian Defense,1,1,1,8,8,9,11,13,13,2.0,8.4815,5.1132,1555,3,54,107,0,0,0,6,4,3,1,0,0,1.5,5.8148,3.8519,1570,white,"['white', 'timeout']",blitz,180+2,https://lichess.org/IWa84UR3,pro100wdupe
2021-11-07 09:34:35,lichess.org,Sicilian Defense: Alapin Variation,Sicilian Defense,1,1,1,14,15,16,8,13,14,2.0,5.9394,4.082,1644,3,67,122,0,0,0,2,0,0,4,1,0,1.5,7.0882,4.541,1581,white,"['black', 'timeout']",blitz,180+2,https://lichess.org/K0Kf5TSN,pro100wdupe
2021-11-05 13:19:51,lichess.org,French Defense: Queen's Knight,French Defense,1,1,1,17,19,20,0,0,0,2.0,6.0,6.0,1544,3,84,85,0,0,0,7,3,1,1,1,1,2.0,6.0714,5.9767,1569,white,"['white', 'timeout']",blitz,180+2,https://lichess.org/0m5IdiAU,pro100wdupe
2021-11-05 13:15:18,lichess.org,Sicilian Defense,Sicilian Defense,0,0,0,2,0,0,0,0,0,1.6667,6.7368,6.7368,1528,6,38,38,1,1,1,7,8,8,0,0,0,1.3333,4.2632,4.2632,1556,black,"['black', 'timeout']",blitz,180+2,https://lichess.org/aBCAUAMh,pro100wdupe
2021-11-05 13:12:29,lichess.org,French Defense: Queen's Knight,French Defense,1,1,1,7,8,8,0,0,0,2.0,2.4444,2.4444,1433,3,36,36,0,0,0,2,1,1,0,0,0,1.5,3.5,3.5,1545,white,"['white', 'timeout']",blitz,180+2,https://lichess.org/fhjbmxAs,pro100wdupe
2021-10-29 08:13:49,lichess.org,Sicilian Defense,Sicilian Defense,0,0,0,0,0,0,0,0,0,1.0,4.913,4.913,1589,6,46,46,1,1,1,7,10,10,0,0,0,0.6667,4.6957,4.6957,1529,black,"['black', 'timeout']",blitz,180+0,https://lichess.org/QoxoML4b,pro100wdupe
2021-10-28 18:36:15,lichess.org,French Defense: Queen's Knight,French Defense,1,1,1,11,11,11,1,1,1,2.0,5.2692,4.7667,1579,3,53,61,0,0,0,2,1,0,0,0,0,2.0,4.4815,4.0323,1542,white,"['black', 'timeout']",blitz,180+2,https://lichess.org/Lo71P9PQ,pro100wdupe
2021-10-22 16:56:55,lichess.org,Sicilian Defense: Bowdler Attack,Sicilian Defense,0,0,0,3,2,1,0,0,0,4.0,9.5,9.5,1550,3,83,83,1,1,1,17,18,19,0,0,0,3.0,10.0244,10.0244,1556,black,"['white', 'timeout']",blitz,300+3,https://lichess.org/a29gHdtJ,pro100wdupe
2021-10-22 16:49:35,lichess.org,Scandinavian Defense: Mieses-Kotroc Variation,Scandinavian Defense,1,1,1,13,13,13,0,0,0,2.0,4.0714,4.0714,1574,4,56,56,0,0,0,0,0,0,0,0,0,2.5,10.8929,10.8929,1570,white,"['black', 'timeout']",blitz,300+3,https://lichess.org/F4pPDbV3,pro100wdupe
2021-10-18 15:00:07,lichess.org,Queen's Gambit Declined: Three Knights Variation,Queen's Gambit Declined,0,0,0,1,1,1,0,0,0,1.5,6.0833,6.0833,1590,7,71,71,1,2,2,15,15,15,0,0,0,2.0,5.5714,5.5714,1585,black,"['white', 'timeout']",blitz,180+2,https://lichess.org/HluB1lon,pro100wdupe
2021-10-18 14:57:11,lichess.org,French Defense: Queen's Knight,French Defense,1,1,1,9,11,11,0,0,0,2.0,3.6522,3.6522,1566,3,47,47,0,0,0,2,0,0,0,0,0,2.0,2.75,2.75,1569,white,"['white', 'timeout']",blitz,180+2,https://lichess.org/xoRnR8PX,pro100wdupe
2021-10-12 11:59:43,lichess.org,Vienna Game: Vienna Gambit,Vienna Game,1,1,1,3,5,8,0,0,0,0.0,5.7368,5.7368,1545,5,38,39,0,0,0,4,3,3,1,1,1,1.0,4.7895,4.75,1554,white,"['white', 'timeout']",blitz,180+0,https://lichess.org/03dM8GmP,pro100wdupe
2021-10-12 11:51:07,lichess.org,Sicilian Defense: Alapin Variation,Sicilian Defense,0,0,0,3,2,2,6,2,1,0.5,2.5667,1.9167,1586,3,59,119,1,1,1,10,12,13,9,13,15,0.0,4.3103,3.0339,1569,black,"['white', 'timeout']",blitz,180+0,https://lichess.org/AIG7W9Sp,pro100wdupe
2021-10-11 12:17:33,lichess.org,Owen Defense,Owen Defense,0,0,0,10,11,11,0,0,0,0.0,2.9583,2.9583,1565,2,48,48,0,0,0,0,0,0,0,0,0,0.0,3.5,3.5,1587,white,"['black', 'timeout']",blitz,180+0,https://lichess.org/E7qPI4cE,pro100wdupe
2021-10-11 11:50:49,lichess.org,Vienna Game,Vienna Game,1,1,1,10,12,13,5,7,8,0.0,1.5714,1.5,1635,3,57,88,0,0,0,3,0,0,4,0,0,0.5,2.6552,2.1818,1602,white,"['black', 'timeout']",blitz,180+0,https://lichess.org/8S7ta4pP,pro100wdupe
2021-10-11 08:11:31,lichess.org,Sicilian Defense: Bowdler Attack,Sicilian Defense,0,0,0,1,0,0,0,0,0,0.5,3.25,3.25,1648,3,47,47,1,1,1,10,11,11,0,0,0,0.0,3.1304,3.1304,1619,black,"['white', 'timeout']",blitz,180+0,https://lichess.org/guwtshYa,pro100wdupe
2021-10-09 11:05:01,lichess.org,Sicilian Defense,Sicilian Defense,0,0,0,2,0,0,4,0,0,1.6667,6.7917,4.5385,1590,6,47,78,1,1,1,8,10,10,6,8,8,0.6667,3.5652,2.8205,1600,black,"['black', 'timeout']",blitz,180+0,https://lichess.org/mODDL7ll,pro100wdupe
2021-10-08 08:54:00,lichess.org,Sicilian Defense: Modern Variations,Sicilian Defense,0,0,0,1,1,1,0,0,0,0.0,3.4583,3.4583,1719,4,47,47,1,1,1,11,11,11,0,0,0,0.5,4.8261,4.8261,1614,black,"['white', 'timeout']",blitz,180+0,https://lichess.org/tLuOEw9o,pro100wdupe
2021-10-07 08:40:10,lichess.org,Sicilian Defense: Alapin Variation,Sicilian Defense,1,1,1,7,7,7,0,0,0,0.0,2.9412,2.9412,1623,3,34,34,0,0,0,3,1,1,0,0,0,0.5,3.5882,3.5882,1635,white,"['black', 'timeout']",blitz,180+0,https://lichess.org/0tjmULuR,pro100wdupe
2021-10-06 16:02:25,lichess.org,Scandinavian Defense: Mieses-Kotroc Variation,Scandinavian Defense,1,1,1,15,15,15,0,0,0,0.0,5.0938,5.0938,1614,4,65,65,0,0,0,2,0,0,0,0,0,0.5,5.4545,5.4545,1613,white,"['white', 'timeout']",blitz,180+0,https://lichess.org/cn0GaHPK,pro100wdupe
2021-10-04 19:46:17,lichess.org,Hungarian Opening: Sicilian Invitation,Hungarian Opening,0,0,0,1,0,0,0,0,0,0.0,3.05,3.05,1604,2,79,79,0,0,0,19,19,19,0,0,0,0.0,3.1282,3.1282,1638,black,"['white', 'timeout']",blitz,180+0,https://lichess.org/8baoeIzU,pro100wdupe
2021-08-01 06:36:46,lichess.org,Scandinavian Defense: Mieses-Kotroc Variation,Scandinavian Defense,1,1,1,12,12,12,8,10,11,1.5,6.1852,4.82,1681,4,54,101,0,0,0,1,1,1,4,1,1,1.5,6.037,4.9216,1620,white,"['white', 'timeout']",blitz,180+2,https://lichess.org/guBEvgL7,pro100wdupe
2021-07-22 17:34:53,lichess.org,Sicilian Defense: Closed,Sicilian Defense,1,0,0,3,3,2,2,0,0,2.0,6.9429,4.9038,1599,3,70,104,1,1,1,14,14,15,7,8,8,2.0,6.8286,4.8462,1606,black,"['black', 'timeout']",blitz,180+2,https://lichess.org/ZTzAAEl9,pro100wdupe
2021-06-21 13:48:46,lichess.org,"Sicilian Defense: Alapin Variation, Barmen Defense",Sicilian Defense,1,1,1,9,9,9,0,0,0,1.3333,3.8095,3.8095,1566,6,43,43,1,1,1,0,0,0,0,0,0,1.6667,3.7727,3.7727,1617,white,"['black', 'timeout']",blitz,180+2,https://lichess.org/pN6hUfff,pro100wdupe
2021-06-20 15:13:48,lichess.org,Caro-Kann Defense,Caro-Kann Defense,0,0,0,0,0,0,0,0,0,,,,1575,2,2,2,0,0,0,0,0,0,0,0,0,,,,1629,white,"['black', 'timeout']",blitz,180+2,https://lichess.org/LX2sarYB,pro100wdupe
2021-06-20 15:07:21,lichess.org,Sicilian Defense: Alapin Variation,Sicilian Defense,1,1,1,9,9,9,0,0,0,2.0,6.4348,6.4348,1823,3,46,46,0,0,0,3,2,2,0,0,0,2.5,8.6957,8.6957,1634,white,"['black', 'timeout']",blitz,180+2,https://lichess.org/q1W61h6H,pro100wdupe
2021-06-20 10:29:22,lichess.org,Scandinavian Defense: Modern Variation,Scandinavian Defense,1,1,1,12,12,14,3,5,5,2.5,4.5312,5.6809,1627,4,65,95,1,0,0,2,2,1,4,4,2,2.5,4.8182,5.1875,1623,white,"['white', 'timeout']",blitz,180+2,https://lichess.org/iJcFLc6T,pro100wdupe
2021-06-20 10:20:52,lichess.org,"Vienna Game: Stanley Variation, Meitner-Mieses Gambit",Vienna Game,2,2,2,5,7,9,0,0,0,4.75,6.4286,6.4286,1713,9,56,56,1,0,0,5,4,2,0,0,0,2.8,8.3571,8.3571,1631,white,"['black', 'timeout']",blitz,180+2,https://lichess.org/s45JzLVr,pro100wdupe
2021-06-20 10:17:13,lichess.org,Vienna Game: Max Lange Defense,Vienna Game,1,1,1,2,2,2,0,0,0,1.5,9.2,9.2,1587,4,11,11,0,0,0,1,1,1,0,0,0,3.0,8.5,8.5,1621,white,"['white', 'timeout']",blitz,180+2,https://lichess.org/5IOHQFYR,pro100wdupe
2021-06-07 13:00:33,lichess.org,Sicilian Defense: Snyder Variation,Sicilian Defense,0,0,0,6,1,1,0,0,0,2.5,3.7143,3.7143,1602,3,69,70,1,1,1,11,13,14,0,0,0,2.0,6.2059,6.0857,1612,black,"['black', 'timeout']",blitz,180+2,https://lichess.org/i9f6MOqO,pro100wdupe
2021-06-07 12:45:14,lichess.org,Nimzowitsch Defense: Declined Variation,Nimzowitsch Defense,1,1,1,8,9,9,10,10,10,2.0,2.1053,3.4359,1559,3,38,79,0,0,0,1,0,0,1,1,1,1.5,5.6316,4.825,1603,white,"['white', 'timeout']",blitz,180+2,https://lichess.org/xhgvCiOu,pro100wdupe
2021-06-07 12:36:33,lichess.org,English Opening: Symmetrical Variation,English Opening,0,0,0,2,0,0,4,2,0,0.0,3.6364,2.8621,1593,2,65,115,0,0,0,13,16,16,8,11,12,0.0,4.1875,3.1228,1603,black,"['draw', 'timeout']",blitz,180+0,https://lichess.org/QRknryR5,pro100wdupe
2021-06-07 12:34:09,lichess.org,"Sicilian Defense: Alapin Variation, Barmen Defense",Sicilian Defense,1,1,1,10,11,11,0,0,0,0.6667,2.44,2.44,1610,6,51,51,1,1,1,5,2,1,0,0,0,1.6667,2.3077,2.3077,1592,white,"['white', 'timeout']",blitz,180+0,https://lichess.org/6ZeWaAnI,pro100wdupe
2021-06-07 09:51:33,lichess.org,Queen's Pawn Game,Queen's Pawn Game,0,0,0,3,2,1,1,1,1,0.5,3.9556,3.8913,1592,3,90,92,1,1,1,19,20,21,0,0,0,0.0,3.8444,3.7609,1581,black,"['black', 'timeout']",blitz,180+0,https://lichess.org/LsDdrjCr,pro100wdupe
2021-06-07 09:42:18,lichess.org,Four Knights Game: Scotch Variation,Four Knights Game,2,2,2,13,14,14,0,0,0,1.0,4.5588,4.5588,1540,7,69,69,0,0,0,1,0,0,0,0,0,1.75,4.8571,4.8571,1571,white,"['white', 'timeout']",blitz,180+0,https://lichess.org/UjUGEOvR,pro100wdupe
2021-06-07 09:40:46,lichess.org,"Scotch Game: Scotch Gambit, London Defense",Scotch Game,2,2,2,7,7,7,0,0,0,1.25,1.8824,1.8824,1583,8,35,35,0,0,0,2,1,1,0,0,0,0.5,2.5,2.5,1559,white,"['white', 'timeout']",blitz,180+0,https://lichess.org/7xR20xYT,pro100wdupe
2021-06-07 09:17:56,lichess.org,Sicilian Defense: Modern Variations,Sicilian Defense,0,0,0,1,0,0,2,2,0,0.5,3.4615,2.4643,1530,4,51,112,1,1,1,11,12,12,14,14,15,0.0,3.08,2.2143,1548,black,"['black', 'timeout']",blitz,180+0,https://lichess.org/QvRu6MKY,pro100wdupe
2021-06-03 15:38:49,lichess.org,Philidor Defense,Philidor Defense,1,1,1,10,11,12,11,12,13,0.5,2.963,2.8113,1527,5,55,106,0,0,0,2,0,0,3,1,1,1.6667,4.3571,3.3774,1548,white,"['draw', 'timeout']",blitz,180+0,https://lichess.org/KScXD9Vk,pro100wdupe
2021-06-03 15:03:41,lichess.org,Ruy Lopez: Berlin Defense,Ruy Lopez,0,0,0,1,0,0,6,3,3,2.0,9.3947,6.4028,1523,6,75,143,1,1,1,15,17,17,10,13,13,4.3333,10.5405,6.7042,1561,black,"['white', 'timeout']",blitz,300+3,https://lichess.org/3dGLyWBJ,pro100wdupe
2021-06-03 14:59:10,lichess.org,Scotch Game: Haxo Gambit,Scotch Game,2,2,2,6,6,6,0,0,0,2.0,5.0667,5.0667,1587,8,31,31,0,0,0,1,1,1,0,0,0,1.5,5.8125,5.8125,1547,white,"['white', 'timeout']",blitz,300+3,https://lichess.org/KcyqWDSy,pro100wdupe
2021-04-27 08:22:05,lichess.org,Sicilian Defense: Modern Variations,Sicilian Defense,0,0,0,0,0,0,0,0,0,0.5,3.0,3.0,1554,4,47,47,1,1,1,11,11,11,0,0,0,0.0,2.8261,2.8261,1554,black,"['white', 'timeout']",blitz,180+0,https://lichess.org/oEo0N4Ou,pro100wdupe
2021-04-27 08:17:33,lichess.org,Scotch Game: Haxo Gambit,Scotch Game,2,2,2,8,9,9,13,14,14,0.75,2.0435,1.8704,1511,8,46,108,0,0,0,2,1,1,1,1,1,1.0,3.2174,2.7778,1555,white,"['draw', 'timeout']",blitz,180+0,https://lichess.org/2q6SbpYX,pro100wdupe
2021-04-19 12:31:17,lichess.org,Russian Game: Modern Attack,Russian Game,0,0,0,2,0,0,0,0,0,0.3333,3.5882,3.5882,1532,6,67,67,1,1,1,13,15,15,0,0,0,0.6667,3.1212,3.1212,1561,black,"['white', 'timeout']",blitz,180+0,https://lichess.org/WKBnA1Mr,pro100wdupe
2021-04-19 12:30:07,lichess.org,Gunderam Defense,Gunderam Defense,1,1,1,7,7,7,0,0,0,0.5,1.6471,1.6471,1561,4,34,34,0,0,0,0,0,0,0,0,0,0.0,1.7059,1.7059,1568,white,"['black', 'timeout']",blitz,180+0,https://lichess.org/Mg0lu0sA,pro100wdupe
2021-04-19 12:23:06,lichess.org,Four Knights Game: Scotch Variation Accepted,Four Knights Game,0,0,0,3,1,1,0,0,0,0.75,3.3243,2.8852,1606,8,74,121,2,2,2,11,16,16,11,12,12,0.75,4.2703,3.0,1573,black,"['white', 'timeout']",blitz,180+0,https://lichess.org/ZZRBv79b,pro100wdupe
2021-04-19 12:17:02,lichess.org,Scandinavian Defense: Mieses-Kotroc Variation,Scandinavian Defense,1,1,1,17,21,21,1,1,1,0.5,3.6818,3.5652,1708,4,89,92,0,0,0,1,0,0,0,0,0,2.0,4.0,3.913,1577,white,"['black', 'timeout']",blitz,180+0,https://lichess.org/ZQYVREf1,pro100wdupe
2021-04-19 12:15:10,lichess.org,"Scotch Game: Gring Gambit, Double Pawn Sacrifice",Scotch Game,0,0,0,3,1,1,0,0,0,0.6,2.85,2.85,1595,9,40,40,2,2,2,6,7,7,0,0,0,1.0,2.25,2.25,1570,black,"['black', 'timeout']",blitz,180+0,https://lichess.org/26f2hU8U,pro100wdupe
2021-04-19 12:10:33,lichess.org,Sicilian Defense: Marshall Counterattack,Sicilian Defense,1,1,1,11,13,13,0,0,0,1.0,3.8214,3.8214,1583,6,57,57,1,0,0,0,0,0,0,0,0,1.3333,5.5517,5.5517,1563,white,"['white', 'timeout']",blitz,180+0,https://lichess.org/cpdvuUOP,pro100wdupe
2021-04-19 12:08:43,lichess.org,Bishop's Opening: Berlin Defense,Bishop's Opening,0,0,0,3,1,1,0,0,0,0.5,1.2353,1.2353,1594,4,33,33,1,1,1,7,7,7,0,0,0,0.5,3.625,3.625,1569,black,"['white', 'timeout']",blitz,180+0,https://lichess.org/cRmCZVNf,pro100wdupe
2021-04-19 12:03:45,lichess.org,Russian Game: Stafford Gambit,Russian Game,1,0,0,2,2,1,1,1,1,1.75,3.9565,3.88,1563,8,46,49,2,2,2,6,7,9,0,0,0,2.75,6.1304,5.875,1576,black,"['white', 'timeout']",blitz,180+0,https://lichess.org/kftYLxQt,pro100wdupe
2021-04-19 11:59:26,lichess.org,Queen's Pawn Game,Queen's Pawn Game,1,1,1,12,12,13,0,0,0,0.0,3.2,3.2,1649,3,60,61,0,0,0,4,4,3,1,1,1,0.5,4.4333,4.3548,1567,white,"['white', 'timeout']",blitz,180+0,https://lichess.org/A0c5W6bQ,pro100wdupe
2021-04-19 11:53:42,lichess.org,Queen's Pawn Game: Accelerated London System,Queen's Pawn Game,0,0,0,11,7,4,0,0,0,0.0,2.3529,2.0816,1584,3,68,97,1,1,1,8,11,13,7,7,7,0.0,5.1176,3.75,1574,black,"['white', 'timeout']",blitz,180+0,https://lichess.org/1jIYReM0,pro100wdupe
2021-04-19 11:42:16,lichess.org,Indian Defense,Indian Defense,0,0,0,12,12,12,5,5,5,0.0,5.1154,5.1429,1483,2,52,71,0,0,0,0,0,0,0,0,0,0.0,4.4615,4.5,1569,white,"['white', 'timeout']",blitz,180+0,https://lichess.org/wH4t6V3d,pro100wdupe
2021-04-19 11:39:18,lichess.org,Horwitz Defense,Horwitz Defense,0,0,0,11,11,11,0,0,0,0.0,3.4545,3.4545,1563,2,45,45,0,0,0,2,1,1,0,0,0,0.0,3.6522,3.6522,1561,white,"['white', 'timeout']",blitz,180+0,https://lichess.org/LjLqsNPt,pro100wdupe
2021-04-15 18:44:41,lichess.org,Queen's Gambit Declined,Queen's Gambit Declined,1,1,1,0,0,0,0,0,0,0.5,5.1667,5.1667,1628,4,48,48,1,1,1,11,11,11,0,0,0,0.5,4.7917,4.7917,1553,black,"['black', 'timeout']",blitz,180+0,https://lichess.org/P4HsRaIG,pro100wdupe
2021-04-15 18:39:51,lichess.org,Queen's Pawn Game,Queen's Pawn Game,1,1,1,10,11,12,0,0,0,1.0,3.9615,3.9615,1503,4,53,53,0,0,0,2,1,1,0,0,0,0.0,4.9259,4.9259,1546,white,"['white', 'timeout']",blitz,180+0,https://lichess.org/xl3GlOb6,pro100wdupe
2021-04-15 18:38:58,lichess.org,Sicilian Defense: Accelerated Dragon,Sicilian Defense,1,1,0,1,0,0,0,0,0,0.25,2.5455,2.5455,1541,8,22,22,2,2,2,2,3,3,0,0,0,0.5,1.0909,1.0909,1539,black,"['black', 'timeout']",blitz,180+0,https://lichess.org/4cpoHbnI,pro100wdupe
2021-04-15 18:32:38,lichess.org,Sicilian Defense: Modern Variations,Sicilian Defense,0,0,0,2,1,1,1,0,0,0.5,2.2174,2.5862,1517,4,46,115,1,1,1,7,10,10,16,16,16,0.0,2.6522,2.6842,1539,black,"['draw', 'timeout']",blitz,180+0,https://lichess.org/G3cSh3T9,pro100wdupe
2021-04-15 18:27:12,lichess.org,Elephant Gambit,Elephant Gambit,1,1,1,9,11,11,0,0,0,0.5,6.875,6.875,1444,4,49,49,1,0,0,0,0,0,0,0,0,0.5,5.76,5.76,1533,white,"['white', 'timeout']",blitz,180+0,https://lichess.org/EAq89h9s,pro100wdupe
2021-04-15 18:24:05,lichess.org,"Slav Defense: Quiet Variation, Schallopp Defense",Slav Defense,2,2,2,12,12,12,1,1,1,0.5,2.3793,2.5333,1601,8,58,61,0,0,0,2,0,0,1,1,1,1.25,3.2759,3.1613,1524,white,"['white', 'timeout']",blitz,180+0,https://lichess.org/J6z5CbrC,pro100wdupe
2021-04-14 16:07:51,lichess.org,Sicilian Defense: Modern Variations,Sicilian Defense,0,0,0,1,1,1,0,0,0,1.5,4.5714,4.5714,1473,4,41,41,1,1,1,8,9,9,0,0,0,1.0,4.85,4.85,1532,black,"['white', 'timeout']",blitz,180+2,https://lichess.org/LzlnyJlk,pro100wdupe
2021-04-14 15:57:50,lichess.org,Queen's Gambit Declined,Queen's Gambit Declined,1,1,1,0,0,0,2,1,0,1.0,5.5,4.5085,1551,4,83,118,1,1,1,20,20,20,6,7,9,1.0,6.2927,4.5932,1524,black,"['black', 'timeout']",blitz,180+2,https://lichess.org/oyhxyLKa,pro100wdupe
2021-04-14 15:53:31,lichess.org,Indian Defense,Indian Defense,0,0,0,13,13,13,0,0,0,2.0,3.75,3.75,1461,2,56,56,0,0,0,1,1,1,0,0,0,2.0,4.7143,4.7143,1517,white,"['white', 'timeout']",blitz,180+2,https://lichess.org/Ez8PYa5W,pro100wdupe
2021-04-14 15:49:59,lichess.org,Queen's Pawn Game: Accelerated London System,Queen's Pawn Game,0,0,0,3,1,0,0,0,0,1.5,5.5,5.5,1465,3,23,23,1,1,1,3,4,5,0,0,0,2.0,4.0909,4.0909,1526,black,"['white', 'timeout']",blitz,180+2,https://lichess.org/i5Lu000F,pro100wdupe
2021-04-14 15:38:29,lichess.org,Sicilian Defense: Moscow Variation,Sicilian Defense,0,0,0,2,1,1,0,0,0,2.0,6.4359,5.3077,1492,5,78,104,1,1,1,17,17,17,6,6,6,2.0,6.3333,5.3462,1518,black,"['black', 'timeout']",blitz,180+2,https://lichess.org/FVpqAfLL,pro100wdupe
2021-04-14 15:33:22,lichess.org,Queen's Pawn Game,Queen's Pawn Game,1,1,1,8,10,10,0,0,0,2.0,7.0,7.0,1497,3,43,43,0,0,0,3,0,0,0,0,0,1.0,6.0909,6.0909,1510,white,"['white', 'timeout']",blitz,180+2,https://lichess.org/X2QUDoZb,pro100wdupe
